Position,Type,Color,
128,SNP,black,
1983,SNP,black,
3343,SNP,black,
3526,SNP,black,
3771,SNP,black,
4050,SNP,black,
4588,SNP,black,
5461,SNP,black,
6512,IndelStruct,red,
7803,SNP,black,
10358,SNP,black,
11508,SNP,black,
11985,SNP,black,
12249,SNP,black,
15194,SNP,black,
16130,SNP,black,
18159,SNP,black,
18888,SNP,black,
19492,IndelStruct,red,
22514,SNP,black,
22781,SNP,black,
22835,SNP,black,
27746,SNP,black,
29154,SNP,black,
30856,IndelStruct,red,
32317,SNP,black,
32409,SNP,black,
34569,SNP,black,
35833,SNP,black,
36292,IndelStruct,red,
37336,SNP,black,
37342,SNP,black,
37377,IndelStruct,red,
40442,SNP,black,
42414,SNP,black,
42639,SNP,black,
46648,SNP,black,
47190,SNP,black,
50668,SNP,black,
53992,SNP,black,
54278,SNP,black,
61167,SNP,black,
61953,SNP,black,
61996,SNP,black,
64026,SNP,black,
64593,SNP,black,
65285,IndelStruct,red,
65394,SNP,black,
67921,SNP,black,
68589,SNP,black,
69143,SNP,black,
73279,SNP,black,
73617,SNP,black,
76135,SNP,black,
78331,SNP,black,
78395,SNP,black,
79054,SNP,black,
79448,SNP,black,
79671,SNP,black,
79867,SNP,black,
80186,SNP,black,
80868,SNP,black,
81322,IndelStruct,red,
82704,IndelStruct,red,
85435,SNP,black,
89807,SNP,black,
90809,SNP,black,
91192,SNP,black,
92047,SNP,black,
93154,SNP,black,
94542,SNP,black,
95245,SNP,black,
97104,SNP,black,
98459,SNP,black,
98492,SNP,black,
100352,SNP,black,
102545,SNP,black,
103291,SNP,black,
103510,SNP,black,
104072,SNP,black,
104131,SNP,black,
104742,SNP,black,
105703,IndelStruct,red,
107929,IndelStruct,red,
108743,IndelStruct,red,
109207,SNP,black,
110671,SNP,black,
111694,IndelStruct,red,
113196,SNP,black,
115281,SNP,black,
115996,SNP,black,
117122,SNP,black,
118509,SNP,black,
120272,SNP,black,
125188,SNP,black,
125291,SNP,black,
125397,SNP,black,
126108,SNP,black,
126151,SNP,black,
131248,SNP,black,
132783,SNP,black,
135771,SNP,black,
136373,SNP,black,
137752,SNP,black,
138756,SNP,black,
139617,SNP,black,
142916,IndelStruct,red,
143452,SNP,black,
145910,SNP,black,
147150,IndelStruct,red,
147168,IndelStruct,red,
147587,SNP,black,
148695,SNP,black,
148746,SNP,black,
152082,SNP,black,
154034,SNP,black,
154310,SNP,black,
155229,SNP,black,
157116,SNP,black,
158218,SNP,black,
161978,SNP,black,
162283,IndelStruct,red,
162525,SNP,black,
162738,SNP,black,
169997,SNP,black,
170308,SNP,black,
171206,SNP,black,
173990,SNP,black,
176903,SNP,black,
182720,SNP,black,
183143,SNP,black,
184638,SNP,black,
185061,SNP,black,
188571,SNP,black,
189204,SNP,black,
190293,SNP,black,
190983,SNP,black,
191319,SNP,black,
191353,SNP,black,
192284,SNP,black,
193222,SNP,black,
194137,SNP,black,
196118,SNP,black,
196152,SNP,black,
197511,SNP,black,
200342,SNP,black,
201738,SNP,black,
202237,SNP,black,
203679,SNP,black,
206947,SNP,black,
207186,SNP,black,
207801,SNP,black,
208994,IndelStruct,red,
210345,SNP,black,
211459,SNP,black,
211753,SNP,black,
214319,IndelStruct,red,
218311,IndelStruct,red,
219309,SNP,black,
219325,SNP,black,
220155,SNP,black,
220423,SNP,black,
220997,SNP,black,
221002,SNP,black,
221224,SNP,black,
224161,SNP,black,
224390,SNP,black,
224481,SNP,black,
224512,SNP,black,
226371,SNP,black,
227501,SNP,black,
227844,SNP,black,
228634,SNP,black,
230549,SNP,black,
231702,SNP,black,
232177,SNP,black,
233141,SNP,black,
236410,SNP,black,
237210,IndelStruct,red,
237444,SNP,black,
237488,SNP,black,
239099,SNP,black,
239595,SNP,black,
239911,SNP,black,
240159,SNP,black,
242122,SNP,black,
242353,SNP,black,
243297,SNP,black,
243509,SNP,black,
245959,SNP,black,
246122,SNP,black,
246199,SNP,black,
246413,SNP,black,
250581,SNP,black,
250806,SNP,black,
253943,IndelStruct,red,
256657,SNP,black,
260377,SNP,black,
262132,SNP,black,
262537,SNP,black,
264838,SNP,black,
266318,SNP,black,
268233,SNP,black,
269199,IndelStruct,red,
270521,SNP,black,
270742,IndelStruct,red,
273332,SNP,black,
273579,IndelStruct,red,
276864,SNP,black,
279272,IndelStruct,red,
279272,IndelStruct,red,
280929,SNP,black,
281611,SNP,black,
283950,SNP,black,
284876,SNP,black,
285089,SNP,black,
286195,SNP,black,
288413,SNP,black,
288699,SNP,black,
289800,SNP,black,
290556,SNP,black,
293255,IndelStruct,red,
293358,SNP,black,
296318,SNP,black,
296361,SNP,black,
298215,SNP,black,
298391,SNP,black,
299579,SNP,black,
299650,IndelStruct,red,
301973,SNP,black,
307000,SNP,black,
309916,SNP,black,
310500,SNP,black,
314066,SNP,black,
314422,SNP,black,
317816,SNP,black,
318224,IndelStruct,red,NHEJ
320244,IndelStruct,red,
321431,SNP,black,
322386,SNP,black,
323842,SNP,black,
324843,SNP,black,
326550,SNP,black,
328324,SNP,black,
329100,SNP,black,
331084,SNP,black,
331441,SNP,black,
332371,SNP,black,
333086,SNP,black,
335616,SNP,black,
337343,SNP,black,
337560,SNP,black,
342270,SNP,black,
342509,SNP,black,
343124,SNP,black,
346783,SNP,black,
347077,SNP,black,
347748,IndelStruct,red,
349649,IndelStruct,red,
353636,IndelStruct,red,
354332,SNP,black,
354650,SNP,black,
355480,SNP,black,
355748,SNP,black,
356322,SNP,black,
356327,SNP,black,
356549,SNP,black,
359486,SNP,black,
359715,SNP,black,
359806,SNP,black,
359837,SNP,black,
361696,SNP,black,
362826,SNP,black,
366002,SNP,black,
367027,SNP,black,
367502,SNP,black,
368434,SNP,black,
368466,SNP,black,
371735,SNP,black,
374108,SNP,black,
374422,SNP,black,
374918,SNP,black,
375482,SNP,black,
377445,SNP,black,
377676,SNP,black,
378832,SNP,black,
380333,SNP,black,
381282,SNP,black,
381442,SNP,black,
381736,SNP,black,
383788,SNP,black,
385904,SNP,black,
386129,SNP,black,
389266,IndelStruct,red,
390835,SNP,black,
392810,SNP,black,
393893,SNP,black,
394391,SNP,black,
395698,SNP,black,
397858,SNP,black,
400159,SNP,black,
402189,SNP,black,
404520,IndelStruct,red,
405085,SNP,black,
406063,IndelStruct,red,
408653,SNP,black,
408900,IndelStruct,red,
412185,SNP,black,
414597,IndelStruct,red,
414962,SNP,black,
415584,SNP,black,
416932,SNP,black,
420410,SNP,black,
420412,SNP,black,
425678,SNP,black,
427166,SNP,black,
427770,SNP,black,
430665,SNP,black,
431453,SNP,black,
431738,SNP,black,
432307,SNP,black,
433652,SNP,black,
434013,SNP,black,
434029,SNP,black,
434146,SNP,black,
435027,IndelStruct,red,
435672,SNP,black,
436127,IndelStruct,red,
437292,SNP,black,
438048,SNP,black,
438111,SNP,black,
439598,SNP,black,
440184,SNP,black,
443939,SNP,black,
444426,SNP,black,
445876,SNP,black,
448814,SNP,black,
449193,SNP,black,
450699,SNP,black,
452444,IndelStruct,red,
453599,IndelStruct,red,NHEJ
455262,SNP,black,
456527,SNP,black,
458929,SNP,black,
463399,SNP,black,
464601,SNP,black,
466223,SNP,black,
466461,SNP,black,
466818,SNP,black,
467785,SNP,black,
468277,SNP,black,
468982,SNP,black,
471420,SNP,black,
474317,SNP,black,
475089,SNP,black,
476718,SNP,black,
477886,SNP,black,
478141,SNP,black,
479278,SNP,black,
481331,SNP,black,
483826,SNP,black,
484603,IndelStruct,red,
486455,SNP,black,
487494,SNP,black,
488986,SNP,black,
490265,SNP,black,
491136,SNP,black,
491530,IndelStruct,red,
492720,SNP,black,
494981,SNP,black,
498726,SNP,black,
499129,SNP,black,
499594,SNP,black,
506539,IndelStruct,red,
508153,SNP,black,
508575,SNP,black,
509258,SNP,black,
516944,SNP,black,
521285,SNP,black,
522957,SNP,black,
523618,SNP,black,
523710,SNP,black,
524114,SNP,black,
525199,SNP,black,
527287,SNP,black,
527511,IndelStruct,red,
528519,SNP,black,
529255,SNP,black,
530485,SNP,black,
530838,SNP,black,
532529,SNP,black,
532760,SNP,black,
533250,SNP,black,
533262,SNP,black,
533436,SNP,black,
533818,SNP,black,
536840,SNP,black,
537579,SNP,black,
537937,SNP,black,
539036,SNP,black,
539317,SNP,black,
540709,IndelStruct,red,
540895,SNP,black,
541354,SNP,black,
542494,IndelStruct,red,
542781,SNP,black,
543327,SNP,black,
545654,IndelStruct,red,
546751,SNP,black,
547941,SNP,black,
549980,IndelStruct,red,
549980,IndelStruct,red,
551687,SNP,black,
552192,SNP,black,
552833,SNP,black,
553083,SNP,black,
554373,SNP,black,
555479,SNP,black,
560586,SNP,black,
567771,SNP,black,
569138,SNP,black,
569592,SNP,black,
570755,SNP,black,
572542,SNP,black,
576215,SNP,black,
576979,SNP,black,
577436,SNP,black,
580327,SNP,black,
583572,SNP,black,
584492,SNP,black,
584813,SNP,black,
584876,SNP,black,
585843,SNP,black,
587186,SNP,black,
587766,SNP,black,
588702,SNP,black,
589557,SNP,black,
590328,SNP,black,
592749,SNP,black,
593136,SNP,black,
593677,SNP,black,
594005,SNP,black,
595936,SNP,black,
597269,SNP,black,
597467,SNP,black,
597477,SNP,black,
598877,SNP,black,
598926,SNP,black,
599007,SNP,black,
599344,SNP,black,
599697,SNP,black,
600020,IndelStruct,red,
600292,SNP,black,
600957,IndelStruct,red,
602122,IndelStruct,red,
602373,IndelStruct,red,
603113,SNP,black,
607590,SNP,black,
608341,SNP,black,
613566,SNP,black,
613648,SNP,black,
613721,SNP,black,
613815,IndelStruct,red,
615421,SNP,black,
619662,SNP,black,
619868,IndelStruct,red,
620055,SNP,black,
621993,SNP,black,
622230,SNP,black,
623042,SNP,black,
624830,SNP,black,
624995,SNP,black,
627230,SNP,black,
628719,SNP,black,
628856,SNP,black,
629254,SNP,black,
631433,SNP,black,
631512,SNP,black,
632142,SNP,black,
636138,SNP,black,
636848,SNP,black,
637952,SNP,black,